{
  "A": {
    "GCA": 59,
    "GCC": 67,
    "GCG": 83,
    "GCT": 47
  },
  "C": {
    "TGC": 137,
    "TGT": 119
  },
  "D": {
    "GAC": 95,
    "GAT": 161
  },
  "E": {
    "GAA": 173,
    "GAG": 83
  },
  "F": {
    "TTC": 108,
    "TTT": 148
  },
  "G": {
    "GGA": 33,
    "GGC": 95,
    "GGG": 39,
    "GGT": 89
  },
  "H": {
    "CAC": 109,
    "CAT": 147
  },
  "I": {
    "ATA": 29,
    "ATC": 101,
    "ATT": 126
  },
  "K": {
    "AAA": 189,
    "AAG": 67
  },
  "L": {
    "CTA": 11,
    "CTC": 26,
    "CTG": 121,
    "CTT": 30,
    "TTA": 36,
    "TTG": 32
  },
  "M": {
    "ATG": 256
  },
  "N": {
    "AAC": 131,
    "AAT": 125
  },
  "P": {
    "CCA": 52,
    "CCC": 32,
    "CCG": 127,
    "CCT": 45
  },
  "Q": {
    "CAA": 87,
    "CAG": 169
  },
  "R": {
    "AGA": 17,
    "AGG": 10,
    "CGA": 18,
    "CGC": 91,
    "CGG": 27,
    "CGT": 93
  },
  "S": {
    "AGC": 63,
    "AGT": 41,
    "TCA": 37,
    "TCC": 37,
    "TCG": 35,
    "TCT": 43
  },
  "T": {
    "ACA": 43,
    "ACC": 102,
    "ACG": 63,
    "ACT": 48
  },
  "V": {
    "GTA": 42,
    "GTC": 52,
    "GTG": 89,
    "GTT": 73
  },
  "W": {
    "TGG": 256
  },
  "Y": {
    "TAC": 105,
    "TAT": 151
  },
  "*": {
    "TAA": 256,
    "TAG": 0,
    "TGA": 0
  }
}